user_id,name,surname,city_id,edited_at,date_birth,rating,phone,telegram,skype,role_id
1,Cade,Gamble,57,2019-07-01,2021-04-30,1,81487004989,16281125 7753,16791215 8917,2
2,Burton,Castillo,100,2020-06-13,2020-04-09,3,84502495074,16870314 3126,16931225 4452,3
3,Otto,Osborne,33,2020-04-22,2021-04-04,4,89992042698,16730610 3032,16960907 9380,3
4,Harrison,Everett,94,2019-11-13,2019-10-27,4,82082588358,16270302 8270,16141215 1324,1
5,Walker,Schmidt,34,2019-06-12,2019-07-06,5,88689268593,16240401 3662,16330919 0365,3
6,Coby,Gilmore,18,2019-07-01,2019-09-22,5,88841103512,16841004 1373,16050128 3220,3
7,Cade,Shepard,13,2020-07-02,2019-09-07,1,86843749504,16561105 0765,16011008 5511,3
8,Ulysses,Herman,22,2020-09-18,2020-07-22,5,84738386172,16740412 2215,16441217 2761,3
9,Merrill,Hampton,53,2020-08-07,2020-04-25,1,82408629393,16880316 3412,16950830 9003,2
10,Wylie,Foreman,17,2019-06-08,2019-06-25,1,85519278069,16520729 7903,16620726 2673,2
11,Ishmael,Summers,35,2020-12-07,2021-02-04,1,82812325137,16171003 7720,16350717 4070,3
12,Jermaine,Jones,20,2020-10-08,2019-09-16,2,88971287027,16261017 5107,16151208 3112,2
13,Basil,Emerson,20,2021-01-20,2020-09-30,5,84041939953,16870320 2088,16320711 4251,2
14,Bevis,Sosa,28,2020-05-01,2020-04-01,4,85627228557,16110713 4684,16951130 9552,2
15,Sebastian,Dyer,39,2019-09-13,2020-08-20,2,88779458916,16440502 4722,16030122 6387,1
16,Arthur,Padilla,81,2020-06-22,2019-08-27,1,86806081800,16311012 8901,16491013 3273,1
17,Vaughan,Tran,42,2021-03-30,2019-09-26,3,85202613668,16330819 0606,16411101 3357,1
18,Merritt,Mack,34,2020-07-05,2020-08-04,4,87694031688,16250906 3190,16590919 5108,1
19,Keefe,Frank,35,2020-03-07,2019-10-11,5,88884954187,16250801 2339,16480707 1313,1
20,Solomon,Wilcox,33,2019-06-04,2020-09-11,1,85833406029,16960729 2811,16400202 1667,2
21,Alan,Snyder,53,2020-06-20,2020-02-11,4,86611027102,16371120 4085,16700506 4485,3
22,Steel,Rich,50,2019-06-13,2020-08-17,3,87715115601,16330517 1120,16810829 5422,2
23,Andrew,Branch,88,2019-09-26,2019-12-21,5,87152364945,16120711 8108,16950129 5753,3
24,Rashad,Mcconnell,43,2019-12-18,2020-03-24,1,83511889096,16170429 8577,16351121 6727,1
25,Noble,Torres,60,2021-05-05,2019-05-21,5,84925844196,16200329 9571,16531107 1160,3
26,Daquan,King,19,2020-04-02,2020-10-28,2,89774521177,16930523 1608,16660618 3835,2
27,Reed,Morin,20,2021-02-28,2019-08-21,2,81927514364,16000730 1450,16240324 9531,1
28,Ralph,Rosa,86,2019-08-23,2019-05-23,5,85061002743,16820514 5561,16120202 0077,3
29,Nolan,Valdez,39,2019-07-07,2019-05-17,3,83513782965,16571130 9061,16580922 6219,1
30,Price,Boyd,85,2020-05-07,2020-05-17,4,88117228504,16331227 6375,16660730 3374,1
31,Tanner,Benjamin,19,2020-11-24,2019-06-23,3,87007732083,16220516 0167,16060626 5007,2
32,Gannon,Hogan,14,2020-09-08,2019-08-09,5,87945474429,16070924 8926,16370915 2403,1
33,Kieran,Ayala,11,2020-06-23,2021-03-02,4,84836672838,16320127 2196,16401202 8058,3
34,Giacomo,Day,53,2021-03-24,2020-09-30,5,85382673714,16201112 7574,16361121 3798,1
35,Marvin,York,61,2019-09-09,2019-11-18,1,82714450431,16751214 7179,16921010 0708,3
36,Michael,Terry,58,2020-05-16,2021-04-27,5,83448305548,16120511 0941,16330911 8374,1
37,Macaulay,Morales,86,2019-09-04,2021-05-01,4,85177781419,16471029 6866,16901109 2591,3
38,Oliver,Hopkins,11,2019-11-07,2019-10-13,4,89501720541,16281103 5753,16121124 3074,2
39,Peter,Lyons,41,2019-05-17,2019-05-29,1,89611381785,16111005 8185,16301003 8606,2
40,Vladimir,Craig,73,2020-10-19,2019-07-18,1,89825504432,16330710 6553,16890510 0155,1
41,Dexter,Garrett,83,2020-03-27,2021-01-15,4,85863893591,16040702 1344,16240218 2014,1
42,Troy,Gay,58,2019-12-30,2020-01-19,2,87733127276,16560115 7497,16711122 8727,1
43,Bevis,Horne,86,2020-10-26,2020-11-20,4,86316426487,16621018 2280,16270822 2563,3
44,Barry,Key,39,2019-08-04,2019-10-24,3,82141556461,16560904 8912,16650913 5668,3
45,Yoshio,Berg,79,2020-10-24,2020-04-03,2,85486373903,16370205 7336,16670417 2557,3
46,Wallace,Mcbride,29,2020-09-18,2019-07-17,4,87224119899,16721129 7150,16871114 7069,2
47,Joseph,Gallegos,76,2019-10-15,2020-04-27,5,85284270953,16750617 1649,16280602 7054,2
48,Garrison,Dunn,73,2020-07-20,2020-09-11,1,83596329484,16941021 2014,16080202 3945,1
49,Travis,Knight,19,2019-11-26,2020-08-26,3,89162399953,16020919 0248,16090402 5475,1
50,Blaze,Downs,27,2019-06-15,2021-04-22,4,89348561572,16920421 9837,16730523 8086,3
51,Allistair,Sheppard,48,2020-02-16,2021-05-11,3,82085897846,16610404 5494,16860523 7927,1
52,Eaton,Gillespie,92,2020-05-18,2020-12-13,3,89583316053,16521004 0779,16341126 3415,1
53,Abel,Berg,11,2020-12-10,2020-03-07,1,82474290701,16520628 7616,16600102 3016,2
54,Merritt,Medina,16,2020-11-14,2019-06-23,4,87257562876,16231025 5928,16940314 4570,1
55,Caesar,Lloyd,16,2021-03-03,2021-03-01,2,88921256668,16360916 2429,16180302 5079,2
56,George,Robles,19,2019-08-25,2019-07-11,2,89115639338,16210726 5619,16970921 5934,3
57,Aquila,Cline,47,2021-04-14,2020-07-06,2,84281587286,16130730 6132,16350918 8896,2
58,Carlos,Nash,20,2020-02-15,2020-12-18,2,82673142072,16080522 2395,16400109 5126,3
59,Robert,Peck,15,2020-08-22,2019-10-09,3,83641851511,16600814 4351,16620904 2826,1
60,Hayden,Gillespie,11,2021-03-02,2020-01-29,4,85067877843,16830618 3727,16990916 4858,3
61,Kennan,Slater,16,2020-03-05,2021-01-14,2,83554385551,16720823 5577,16221027 0282,1
62,Finn,Rocha,55,2020-12-17,2019-09-22,1,88969227189,16080724 1252,16600726 1453,3
63,Chester,Tanner,70,2019-07-31,2019-12-16,5,81749126877,16811002 9926,16530805 6265,1
64,Harper,Whitaker,19,2021-04-21,2019-08-12,3,84836580553,16420309 3002,16040626 5140,1
65,Hammett,Pickett,54,2021-01-31,2020-05-22,2,88541687065,16571114 8790,16581212 2330,2
66,Ross,Weeks,98,2019-12-03,2020-12-04,2,82701946567,16070222 4619,16541229 3457,3
67,Timon,Fulton,58,2020-09-04,2020-08-08,4,81376363259,16250523 6501,16010221 9326,1
68,Brandon,Manning,5,2020-04-25,2020-09-21,5,81041000872,16270527 4518,16000719 4905,3
69,Kennan,Hawkins,4,2019-12-01,2020-05-29,2,87591787901,16760203 0863,16600719 2419,2
70,Dustin,Moon,53,2020-06-05,2019-09-21,2,88113863525,16260917 7155,16960517 8400,1
71,Duncan,Melendez,70,2020-05-25,2020-08-09,3,82329581045,16750325 5502,16191105 1629,2
72,Travis,Gallegos,88,2019-08-18,2020-01-26,1,84322027279,16740119 6840,16480923 0925,1
73,August,Battle,24,2020-01-05,2020-03-25,4,87231689948,16541014 3274,16590129 6359,2
74,Fletcher,Bishop,41,2020-08-16,2020-11-04,1,85723479194,16510326 4379,16500211 3412,2
75,Emmanuel,Lee,18,2021-01-21,2020-05-21,5,89779626457,16110717 5778,16941205 1287,3
76,Hamish,Merrill,21,2020-02-16,2020-03-10,2,88512506871,16621225 4343,16180630 3838,2
77,Laith,Keith,65,2019-12-18,2021-02-04,3,89395918923,16980123 0252,16761230 1320,1
78,Edward,Sawyer,97,2020-08-19,2019-08-30,1,82088661636,16840720 5601,16200719 4471,3
79,Baxter,Whitfield,24,2019-08-19,2020-01-20,2,83892151858,16490927 0151,16350108 7948,2
80,Kibo,Bass,89,2021-02-28,2020-01-04,4,86364799375,16750304 1951,16811203 1847,2
81,Tate,Peterson,46,2020-09-20,2021-01-09,3,85173673780,16821019 9645,16790913 6363,3
82,Linus,Burnett,73,2021-05-05,2021-01-05,2,81599468980,16660713 2377,16050613 2638,2
83,Caesar,Coleman,20,2020-10-26,2019-11-02,3,83089874724,16121122 7721,16370506 8199,3
84,Devin,Frank,16,2020-05-20,2020-05-19,3,82757316927,16390606 3098,16400612 3964,2
85,Murphy,Sears,93,2020-02-11,2020-03-04,3,87575435971,16770318 6911,16710607 1009,2
86,Raja,Schroeder,94,2019-12-17,2020-09-25,4,88285950741,16280822 3016,16370803 6417,1
87,Jarrod,Kerr,56,2020-10-06,2020-12-19,1,89541792128,16320618 6458,16680808 7149,3
88,Upton,Padilla,47,2020-03-23,2020-04-16,2,84993148518,16960312 0883,16920427 2836,2
89,Cairo,Mcdaniel,76,2019-07-04,2021-02-05,3,81985135097,16680521 8952,16351215 4851,2
90,Kirk,Gordon,48,2020-09-10,2019-12-24,1,89688778853,16460101 6282,16010515 7192,1
91,Upton,Galloway,45,2019-12-13,2019-08-20,4,87224309379,16630401 5503,16031222 2532,3
92,Hasad,Mcintyre,22,2020-09-02,2020-09-01,3,82972292600,16900411 0905,16380710 3878,3
93,Keane,Bright,79,2020-09-02,2020-03-09,4,87185964554,16051110 0265,16661010 6905,2
94,Talon,Haney,77,2021-05-13,2020-09-22,5,83995818319,16090811 8573,16160327 5775,3
95,Graham,Cline,94,2020-09-14,2020-04-12,1,82792497229,16971007 3421,16700130 2095,2
96,Norman,Randall,38,2021-05-11,2019-08-06,1,82029227497,16160404 9708,16161109 5819,3
97,Nolan,Yang,63,2019-10-15,2019-10-29,3,82106959576,16390825 4240,16110807 1216,3
98,Chase,Burke,75,2020-12-11,2019-07-03,2,81936268917,16100206 7880,16971211 8836,2
99,Lester,Manning,54,2019-06-19,2020-05-28,2,87694283859,16230601 4115,16240618 9395,3
100,Rafael,Poole,63,2020-08-02,2020-03-22,3,89305502533,16780930 9896,16160229 5972,1
